Workbook

Sheet Resumen
A1: Plan de Sprints — Sistema de Gestión de Entradas para Eventos Deportivos
A2: Complexivo práctico · Ingeniería en Sistemas de Información (UCE) · Metodología: Scrum adaptado (sprints cortos)
A4: Inicio del proyecto | B4: 46312
A5: Fecha de entrega | B5: 46321
A6: Total de historias | B6: =COUNTA('Product Backlog'!A5:A39) -> 35
A7: Story points totales | B7: =SUM('Product Backlog'!F5:F39) -> 123
A8: Story points completados | B8: =SUMIFS('Product Backlog'!F5:F39,'Product Backlog'!H5:H39,"Hecho") -> 44
A9: Avance del proyecto | B9: =IF(B7=0,0,B8/B7) -> 0.35772358
A10: Historias completadas | B10: =COUNTIF('Product Backlog'!H5:H39,"Hecho") -> 14
A12: Cómo usar este archivo
A13: • Edita solo las celdas amarillas: Estado, Fecha completada, Rama / PR y Notas en 'Product Backlog', y Review / Retrospectiva en 'Sprints'.
A14: • Al marcar una historia como 'Hecho', pon la fecha en que se terminó: alimenta el burndown.
A15: • Puntos de historia en escala Fibonacci (1, 2, 3, 5, 8): miden complejidad relativa, no horas.
A16: • Prioridad MoSCoW: Must = obligatorio por enunciado/rúbrica; Should = suma valor en la defensa.

Sheet Product Backlog
A1: Product Backlog
A2: Celdas amarillas = editables (Estado, Fecha completada, Rama / PR, Notas). El resto es la planificación.
A4: ID | B4: Historia de usuario | C4: Tipo | D4: Componente | E4: Prioridad | F4: Story points | G4: Sprint | H4: Estado | I4: Fecha completada | J4: Ítem de rúbrica | K4: Criterios de aceptación | L4: Rama / PR | M4: Notas
A5: HU-01 | B5: Como desarrolladora, quiero el entorno instalado (JDK 21, IntelliJ, Docker, Node, Git, Apidog) para poder construir el sistema | C5: Técnica | D5: Infraestructura | E5: Must | F5: 2 | G5: Sprint 0 | H5: Hecho | I5: 46312 | J5: — | K5: Todos los comandos de versión responden; Docker levanta un contenedor PostgreSQL | L5: — | M5: JDK 17, IntelliJ, Docker (hello-world OK), Node, Git, VS Code. Apidog instalado.
A6: HU-02 | B6: Como equipo, quiero un modelo ER con las 11 entidades, cardinalidades y reglas de integridad para diseñar la base de datos | C6: Técnica | D6: Base de datos | E6: Must | F6: 5 | G6: Sprint 0 | H6: Hecho | I6: 46312 | J6: Modelo ER, Scripts SQL (5) | K6: 11 entidades; cardinalidades y participación indicadas; estado del asiento por partido modelado | L6: docs/HU-02-modelo-er · PR #1 · fix/HU-02-ruta-docs · PR #2 | M6: 12 tablas en 3 BD. Ruta corregida en PR #2. Actualizado con public_id UUID (decisión 12) en la rama de HU-03.
A7: HU-03 | B7: Como equipo, quiero un script SQL de creación con PK, FK y restricciones para generar la base de datos | C7: Técnica | D7: Base de datos | E7: Must | F7: 3 | G7: Sprint 0 | H7: Hecho | I7: 46312 | J7: Modelo ER, Scripts SQL (5) | K7: El script corre sin errores en una BD vacía; UNIQUE(partido, asiento); CHECK de tipos de sección | L7: feature/HU-03-script-sql · PR #3 | M7: 3 scripts de esquema + 65 pruebas de restricciones (65/65 PASS). Id interno BIGINT + public_id UUID.
A8: HU-04 | B8: Como equipo, quiero un script semilla con al menos 5 registros por tabla para tener datos de prueba | C8: Técnica | D8: Base de datos | E8: Must | F8: 3 | G8: Sprint 0 | H8: Hecho | I8: 46312 | J8: Modelo ER, Scripts SQL (5) | K8: ≥5 registros por tabla; ninguna violación de FK ni de restricciones | L8: feature/HU-04-datos-semilla · PR #4 | M8: Semillas de las 3 bases (≥5 por tabla, 610 asientos generados) + 36 verificaciones + setup-db.ps1 + estado BLOQUEADO. 106/106 PASS.
A9: HU-05 | B9: Como equipo, quiero un repositorio GitHub con carpetas backend y frontend para versionar el proyecto | C9: Técnica | D9: Repositorio | E9: Must | F9: 1 | G9: Sprint 1 | H9: Hecho | I9: 46313 | J9: Entregable GitHub | K9: Repo creado con estructura backend/ y frontend/ y primer commit | L9: chore/HU-05-estructura-proyecto · PR #7 | M9: backend/match-service (Spring Boot 4.1.1, Java 17, puerto 8082, conectado a match_db) y frontend/ (React + Vite, puerto 5173). Nombres en inglés: match-service, auth-service, reservation-service.
A10: HU-06 | B10: Como administrador, quiero registrar un escenario deportivo (nombre, descripción, ubicación, capacidad) para gestionar estadios | C10: Funcional | D10: MS Partidos | E10: Must | F10: 3 | G10: Sprint 1 | H10: Hecho | I10: 46313 | J10: Microservicio de partidos (5) | K10: CRUD responde 201/200/404; capacidad positiva validada | L10: docs/HU-06-contrato-ms-partidos · PR #5 · feature/HU-06-crud-estadios · PR #8 | M10: CRUD de estadios: GET lista/por id, POST (201 + Location), PUT, DELETE (204). Errores Problem Details: 400 por campo, 404, 409 (nombre duplicado en 2 capas; estadio con secciones/partidos), 422 (capacidad < secciones). NOT NULL/CHECK → 500 para no ocultar bugs. Listas blancas @Pattern. Riesgo abierto: sin Spring Security hasta HU-11/12. Mejora: índice único sobre LOWER(name).
A11: HU-07 | B11: Como administrador, quiero registrar secciones (PALCOS, GENERAL, PREFERENCIA, TRIBUNAS), filas con letras y asientos para definir la distribución física | C11: Funcional | D11: MS Partidos | E11: Must | F11: 5 | G11: Sprint 1 | H11: Hecho | I11: 46313 | J11: Microservicio de partidos (5) | K11: Tipo de sección fuera del catálogo → 400; filas A, B, C consecutivas; asientos generados por fila | L11: feature/HU-07-secciones · PR #9 | M11: Entidades Section/SeatRow/Seat con relaciones y cascade. GET y POST de secciones: genera filas A..Z y asientos 1..N en una transacción. 400 tipo fuera de catálogo / rangos; 404; 409 nombre por estadio; 422 si supera la capacidad del estadio. Pendiente (nueva HU): editar/eliminar sección y endpoint layout. Mejora: bloqueo pesimista para la regla de capacidad con concurrencia.
A12: HU-08 | B12: Como administrador, quiero registrar partidos (nombre, descripción, fecha, hora, estado, escenario) para publicarlos | C12: Funcional | D12: MS Partidos | E12: Must | F12: 3 | G12: Sprint 1 | H12: Hecho | I12: 46314 | J12: Microservicio de partidos (5) | K12: Escenario inexistente → 404; fecha pasada rechazada | L12: feature/HU-08-partidos · PR #10 | M12: POST/GET/PUT de partidos. Nace PROGRAMADO; fecha+hora pasadas (hora de Ecuador) → 422; estadio inexistente → 404. Máquina de estados en MatchStatus: PROGRAMADO→EN_CURSO→FINALIZADO y PROGRAMADO→CANCELADO; estados finales no se modifican (422). No se cambia de estadio (asientos reservados). No se eliminan partidos: se cancelan. Mass assignment de status bloqueado por DTO. 400 con mensaje claro para JSON/formato inválido.
A13: HU-09 | B13: Como cliente, quiero consultar partidos filtrando por fecha, nombre o estadio para encontrar el evento que busco | C13: Funcional | D13: MS Partidos | E13: Must | F13: 3 | G13: Sprint 1 | H13: Hecho | I13: 46314 | J13: Consulta de partidos (2) | K13: Cada filtro funciona solo y combinado; sin resultados → lista vacía, no error | L13: feature/HU-09-catalogo-partidos · PR #11 | M13: GET /matches con filtros opcionales y combinables (date, name, stadiumId, status) usando Specification. Sin filtros: PROGRAMADO desde hoy, orden por fecha y hora. Sin resultados → []. fetch del estadio contra N+1. Parámetros inválidos → 400 con lista errors. Pendiente: fijar idioma de mensajes (spring.web.locale: es).
A14: HU-10 | B14: Como cliente, quiero registrarme y recibir por correo mi username y contraseña de primer acceso para validar mi cuenta | C14: Funcional | D14: MS Usuarios/Auth | E14: Must | F14: 5 | G14: Sprint 1 | H14: Hecho | I14: 46315 | J14: Microservicio de autenticación (5) | K14: Correo inválido → 400; cédula/correo duplicado → 409; el correo llega con las credenciales | L14: feature/HU-14-swagger · PR de cierre del Sprint 1 | M14: auth-service (8081, auth_db). Registro: usuario generado (inicial + apellido, sin tildes, con número si existe), contraseña temporal con SecureRandom enviada por correo (Mailpit), nunca devuelta por la API. @CedulaEcuatoriana (módulo 10) y teléfono ecuatoriano. 409 por cédula o correo repetido.
A15: HU-11 | B15: Como usuario, quiero iniciar sesión y obtener un token según mi rol para acceder a mis funcionalidades | C15: Funcional | D15: MS Usuarios/Auth | E15: Must | F15: 5 | G15: Sprint 1 | H15: Hecho | I15: 46315 | J15: Microservicio de autenticación (5) | K15: Credenciales malas → 401 con mensaje genérico; usuario inactivo → 403; 5 intentos fallidos → BLOQUEADO 15 min (423); login exitoso reinicia el contador; token con rol y expiración | L15: feature/HU-14-swagger · PR de cierre del Sprint 1 | M15: Login JWT HS256 (sub, role, userId, clientId; 60 min). 401 genérico; 423 bloqueada (antes de la contraseña); 403 inactiva (después); 5 intentos → BLOQUEADO 15 min con noRollbackFor. Cambio de contraseña: usuario tomado del token. Bug encontrado vía Swagger: el endpoint de login no estaba expuesto.
A16: HU-12 | B16: Como administrador, quiero gestionar usuarios y roles con estado ACTIVO/INACTIVO para controlar el acceso | C16: Funcional | D16: MS Usuarios/Auth | E16: Must | F16: 3 | G16: Sprint 1 | H16: Hecho | I16: 46315 | J16: Microservicio de autenticación (5) | K16: Cliente llamando endpoint admin → 403; usuario desactivado no puede iniciar sesión | L16: feature/HU-14-swagger · PR de cierre del Sprint 1 | M16: Solo ADMIN: listar usuarios y roles, activar/desactivar. ACTIVO desbloquea. No se asigna BLOQUEADO a mano, no se desactiva la propia cuenta ni el rol ADMIN (422). Roles en el JWT → 401/403.
... A18: HU-14 | B18: Como equipo, quiero Swagger/OpenAPI en Partidos y Auth para documentar las APIs | C18: Técnica | D18: Documentación | E18: Must | F18: 1 | G18: Sprint 1 | H18: Hecho | I18: 46315 | J18: Entregable Backend | K18: /swagger-ui accesible en ambos servicios | L18: feature/HU-14-swagger · PR de cierre del Sprint 1 | M18: Swagger en match-service (8082) y auth-service (8081, con botón Authorize). Contrato docs/apis/auth-service.openapi.yaml para Apidog.
A19: HU-15 | B19: Como cliente, quiero ver la disponibilidad de asientos de un partido para elegir dónde sentarme | C19: Funcional | D19: MS Reservas | E19: Must | F19: 3 | G19: Sprint 2 | H19: En curso | J19: Realizar reserva (4) | K19: Asiento reservado aparece ocupado para ese partido y libre para otro partido | L19: feature/HU-22-reservation-service | M19: Entidades Reservation/SeatLock/Ticket/Parameter. GET /matches/{id}/availability devuelve solo asientos ocupados (RESERVED, o HELD con reserva sin vencer) y refreshSeconds del parámetro. Sin @Transactional por la llamada remota. Smoke test 200 OK. Faltan: pruebas de vencimiento (35–37), partido sin reservas, 404, 401, 503.
A20: HU-16 | B20: Como cliente, quiero reservar hasta 6 asientos por partido para asistir con acompañantes | C20: Funcional | D20: MS Reservas | E20: Must | F20: 8 | G20: Sprint 2 | H20: En curso | J20: Microservicio de reservas (5) | K20: 7.ª entrada → 422; asiento ocupado → 409; dos reservas simultáneas del mismo asiento → solo una gana; máximo leído de Parámetro | L20: feature/HU-22-reservation-service | M20: Diseño entregado: POST /reservations y GET /reservations/{publicId}. Llamada a match-service fuera de la transacción (ReservationService) y escritura en ReservationWriter (@Transactional, por el proxy de Spring). Máximo por parámetro → 422, ocupado → 409 (consulta + UNIQUE con saveAndFlush), solo CLIENTE → 403, IDOR → 404. Código RES-AAAA-XXXXXX aleatorio. Contrato docs/apis/reservation-service.openapi.yaml (design-first). Faltan: implementar y 15 casos de prueba.
A21: HU-17 | B21: Como sistema, quiero liberar los asientos de reservas no confirmadas a tiempo para que vuelvan a estar disponibles | C21: Funcional | D21: MS Reservas | E21: Must | F21: 5 | G21: Sprint 2 | H21: Pendiente | J21: Microservicio de reservas (5) | K21: Reserva pendiente pasado el tiempo del parámetro → EXPIRADA y asientos libres
A22: HU-18 | B22: Como cliente, quiero un ticket electrónico con QR único por cada entrada para ingresar al estadio | C22: Funcional | D22: MS Reservas | E22: Must | F22: 5 | G22: Sprint 2 | H22: Pendiente | J22: Código QR (2) | K22: 1 ticket por asiento; código QR no secuencial ni repetido
A23: HU-19 | B23: Como cliente o administrador, quiero cancelar reservas activas no expiradas ni utilizadas para liberar asientos | C23: Funcional | D23: MS Reservas | E23: Must | F23: 3 | G23: Sprint 2 | H23: Pendiente | J23: Realizar reserva (4) | K23: Cancelar reserva EXPIRADA o UTILIZADA → 409; cliente no cancela reservas ajenas → 403
A24: HU-20 | B24: Como cliente, quiero un reporte "Mis reservas" con historial, tickets y estado, descargable en PDF | C24: Funcional | D24: MS Reservas | E24: Must | F24: 5 | G24: Sprint 2 | H24: Pendiente | J24: Implementación aplicación web (10) | K24: Solo muestra reservas propias; PDF se genera y abre
A25: HU-21 | B25: Como administrador, quiero un reporte consolidado con filtros (fechas, partido, estado) e indicadores de ocupación, en PDF | C25: Funcional | D25: MS Reservas | E25: Must | F25: 5 | G25: Sprint 2 | H25: Pendiente | J25: Implementación aplicación web (10) | K25: Ocupación por partido y por sección calculada correctamente; filtros combinables
A26: HU-22 | B26: Como equipo, quiero que Reservas consulte a Partidos y valide el token por REST para mantener la integridad entre servicios | C26: Técnica | D26: Integración | E26: Must | F26: 3 | G26: Sprint 2 | H26: En curso | J26: Comunicación entre microservicios | K26: Asiento inexistente en Partidos → 404 desde Reservas; Partidos caído → error controlado | L26: feature/HU-22-reservation-service | M26: reservation-service (8083, reservation_db) valida el JWT de auth-service sin llamarlo (mismo secreto) y GET /me. match-service ahora exige JWT de ADMIN para escribir y expone POST /internal/seats/validate con X-Internal-Key (comparación MessageDigest.isEqual). Cliente RestClient con timeouts 2 s/3 s: 404 se propaga, caída → 503. Smoke test OK (servicio arriba). Faltan: pruebas 404/503 y PR.
A27: HU-23 | B27: Como usuario, quiero pantallas de inicio de sesión y registro para acceder al sistema | C27: Funcional | D27: Frontend | E27: Must | F27: 3 | G27: Sprint 3 | H27: Pendiente | J27: Acceso a la aplicación web (2) | K27: Mensajes de error claros; tras login redirige según rol
A28: HU-24 | B28: Como cliente, quiero un catálogo de partidos con búsqueda por fecha para elegir un evento | C28: Funcional | D28: Frontend | E28: Must | F28: 3 | G28: Sprint 3 | H28: Pendiente | J28: Consulta de partidos (2) | K28: Búsqueda por fecha funciona; muestra estadio, fecha y hora
A29: HU-25 | B29: Como cliente, quiero un mapa gráfico de asientos por sección y fila con disponibilidad en tiempo real para elegir mis asientos | C29: Funcional | D29: Frontend | E29: Must | F29: 8 | G29: Sprint 3 | H29: Pendiente | J29: Usabilidad y experiencia de usuario (5) | K29: Colores libre/ocupado/seleccionado con leyenda; se actualiza sin recargar; no deja elegir más de 6
A30: HU-26 | B30: Como cliente, quiero un formulario de confirmación de reserva (máximo 6) para cerrar mi compra | C30: Funcional | D30: Frontend | E30: Must | F30: 3 | G30: Sprint 3 | H30: Pendiente | J30: Realizar reserva (4) | K30: Resumen antes de confirmar; error 409/422 mostrado en lenguaje claro
A31: HU-27 | B31: Como cliente, quiero ver mi boleto electrónico con código QR para presentarlo en el ingreso | C31: Funcional | D31: Frontend | E31: Must | F31: 2 | G31: Sprint 3 | H31: Pendiente | J31: Código QR (2) | K31: QR visible y legible por un lector de celular
A32: HU-28 | B32: Como administrador, quiero pantallas de usuarios/roles, estadios, partidos, reservas por evento y reporte general | C32: Funcional | D32: Frontend | E32: Must | F32: 5 | G32: Sprint 3 | H32: Pendiente | J32: Consumo de microservicios desde la interfaz (5) | K32: Cada pantalla consume su microservicio; operaciones CRUD visibles
A33: HU-29 | B33: Como usuario, quiero ver solo las opciones de mi rol para no acceder a funciones ajenas | C33: Funcional | D33: Frontend | E33: Must | F33: 2 | G33: Sprint 3 | H33: Pendiente | J33: Acceso a la aplicación web (2) | K33: Cliente no ve menú admin; URL admin sin permiso redirige
A34: HU-30 | B34: Como QA, quiero pruebas E2E en Apidog de las reglas de negocio para demostrar que el sistema funciona | C34: Técnica | D34: Calidad | E34: Should | F34: 3 | G34: Sprint 4 | H34: Pendiente | J34: Defensa | K34: Escenarios: 7.ª entrada, asiento ocupado, rol sin permiso, expiración — todos en verde
A35: HU-31 | B35: Como evaluador, quiero un README con instrucciones de despliegue, .env de ejemplo y docker compose para levantar el sistema | C35: Técnica | D35: Repositorio | E35: Must | F35: 3 | G35: Sprint 4 | H35: Pendiente | J35: Entregable GitHub | K35: Un tercero levanta todo siguiendo solo el README
A36: HU-32 | B36: Como evaluador, quiero diagramas de arquitectura para entender la interacción entre componentes | C36: Técnica | D36: Documentación | E36: Must | F36: 2 | G36: Sprint 4 | H36: Pendiente | J36: Arquitectura de software | K36: Diagrama de componentes y de despliegue incluidos
A37: HU-33 | B37: Como estudiante, quiero ensayar la defensa para justificar cada decisión técnica | C37: Técnica | D37: Defensa | E37: Should | F37: 2 | G37: Sprint 4 | H37: Pendiente | J37: Defensa | K37: Ensayo completo con preguntas probables respondidas
A38: HU-34 | B38: Como auditor, quiero un registro de auditoría (audit_log) de inicios de sesión y operaciones sobre reservas para cumplir la tríada AAA | C38: Técnica | D38: MS Usuarios/Auth | E38: Should | F38: 3 | G38: Sprint 2 | H38: Pendiente | J38: Microservicio de autenticación (5) | K38: Login, cancelación y cambios de estado quedan registrados con usuario, acción y fecha
A39: HU-35 | B39: Como cliente, quiero que un doble clic o un reintento no cree dos reservas iguales (llave de idempotencia) | C39: Técnica | D39: MS Reservas | E39: Could | F39: 3 | G39: Sprint 4 | H39: Pendiente | J39: Microservicio de reservas (5) | K39: Dos POST con la misma Idempotency-Key devuelven la misma reserva, sin duplicar

Sheet Sprints
A1: Sprints
A2: Los puntos y el avance se calculan desde el Product Backlog. Review y Retrospectiva se llenan al cerrar cada sprint.
A4: Sprint | B4: Objetivo (Sprint Goal) | C4: Inicio | D4: Fin | E4: Incremento entregable | F4: Historias | G4: Puntos planificados | H4: Puntos completados | I4: Avance | J4: Sprint Review | K4: Retrospectiva
A5: Sprint 0 | B5: Base de datos y entorno | C5: 46312 | D5: 46312 | E5: Entorno instalado, modelo ER, script SQL de creación y semillas | F5: =COUNTIF('Product Backlog'!$G$5:$G$39,A5) -> 4 | G5: =SUMIFS('Product Backlog'!$F$5:$F$39,'Product Backlog'!$G$5:$G$39,A5) -> 13 | H5: =SUMIFS('Product Backlog'!$F$5:$F$39,'Product Backlog'!$G$5:$G$39,A5,'Product Backlog'!$H$5:$H$39,"Hecho") -> 13 | I5: =IF(G5=0,0,H5/G5) -> 1 | J5: Incremento: modelo ER (12 tablas, 3 BD), scripts SQL con restricciones nombradas, datos semilla (≥5 por tabla) y setup-db.ps1. 106/106 pruebas PASS. La base ya soporta autenticación y autorización; la auditoría queda pendiente para el Sprint 2. HU-05 pasa al Sprint 1 (faltan carpetas backend/ y frontend/). Resumen completo en docs/sprints/sprint-0.md. | K5: Salió bien: crear las bases de datos y encontrar las relaciones entre las tablas. Costó: recordar el modelo entidad-relación y saber dónde va la FK. Acción de mejora: probar en Apidog cada endpoint apenas esté listo, no al final del sprint.
A6: Sprint 1 | B6: Microservicios Partidos y Usuarios/Auth | C6: 46313 | D6: 46315 | E6: Partidos y Auth funcionando con Swagger, JWT y roles | F6: =COUNTIF('Product Backlog'!$G$5:$G$39,A6) -> 10 | G6: =SUMIFS('Product Backlog'!$F$5:$F$39,'Product Backlog'!$G$5:$G$39,A6) -> 31 | H6: =SUMIFS('Product Backlog'!$F$5:$F$39,'Product Backlog'!$G$5:$G$39,A6,'Product Backlog'!$H$5:$H$39,"Hecho") -> 31 | I6: =IF(G6=0,0,H6/G6) -> 1 | J6: Incremento: match-service (estadios, secciones con filas y asientos, partidos con máquina de estados, catálogo con filtros) y auth-service (registro con credenciales por correo, login JWT con bloqueo, administración de usuarios y roles), ambos con Swagger. 31/31 puntos. 8 bugs encontrados y corregidos con pruebas (valores límite, transición de estados, seguridad). Riesgo abierto: match-service aún no valida el JWT. Resumen completo en docs/sprints/sprint-1.md. | K6: Salió bien: se completaron las 10 historias y los dos microservicios funcionan. Costó: surgieron dudas con conceptos nuevos (Java, JPA, JWT) y con Git (rama equivocada). Acción de mejora: hacer las cosas más rápido: revisar la rama antes de empezar, cerrar cada HU con su PR y probar cada endpoint apenas esté listo.
A7: Sprint 2 | B7: Microservicio Reservas | C7: 46315 | D7: 46316 | E7: Reservas con regla de 6, expiración, QR y reportes PDF | F7: =COUNTIF('Product Backlog'!$G$5:$G$39,A7) -> 9 | G7: =SUMIFS('Product Backlog'!$F$5:$F$39,'Product Backlog'!$G$5:$G$39,A7) -> 40 | H7: =SUMIFS('Product Backlog'!$F$5:$F$39,'Product Backlog'!$G$5:$G$39,A7,'Product Backlog'!$H$5:$H$39,"Hecho") -> 0 | I7: =IF(G7=0,0,H7/G7) -> 0
A8: Sprint 3 | B8: Frontend | C8: 46317 | D8: 46319 | E8: Aplicación web completa para Cliente y Administrador | F8: =COUNTIF('Product Backlog'!$G$5:$G$39,A8) -> 7 | G8: =SUMIFS('Product Backlog'!$F$5:$F$39,'Product Backlog'!$G$5:$G$39,A8) -> 26 | H8: =SUMIFS('Product Backlog'!$F$5:$F$39,'Product Backlog'!$G$5:$G$39,A8,'Product Backlog'!$H$5:$H$39,"Hecho") -> 0 | I8: =IF(G8=0,0,H8/G8) -> 0
A9: Sprint 4 | B9: Cierre y entrega | C9: 46320 | D9: 46321 | E9: Pruebas E2E, README, .env, diagramas, ensayo y entrega | F9: =COUNTIF('Product Backlog'!$G$5:$G$39,A9) -> 5 | G9: =SUMIFS('Product Backlog'!$F$5:$F$39,'Product Backlog'!$G$5:$G$39,A9) -> 13 | H9: =SUMIFS('Product Backlog'!$F$5:$F$39,'Product Backlog'!$G$5:$G$39,A9,'Product Backlog'!$H$5:$H$39,"Hecho") -> 0 | I9: =IF(G9=0,0,H9/G9) -> 0
A10: Total | F10: =SUM(F5:F9) -> 35 | G10: =SUM(G5:G9) -> 123 | H10: =SUM(H5:H9) -> 44 | I10: =IF(G10=0,0,H10/G10) -> 0.35772358

Sheet Rúbrica
A1: Rúbrica de evaluación (del enunciado)
A2: Fuente: documento 'Complexivo práctico' entregado por la usuaria. Nota final = (Servicios + Arquitectura) / 2.
A4: Bloque | B4: Concepto | C4: Puntaje | D4: Historias que lo cubren
A5: Servicios | B5: Modelo ER, Scripts SQL | C5: 5 | D5: HU-02, HU-03, HU-04
A6: Servicios | B6: Acceso a la aplicación web | C6: 2 | D6: HU-23, HU-29
A7: Servicios | B7: Consulta de partidos, horarios, secciones, asientos | C7: 2 | D7: HU-09, HU-24
A8: Servicios | B8: Realizar reserva | C8: 4 | D8: HU-15, HU-19, HU-26
A9: Servicios | B9: Código QR | C9: 2 | D9: HU-18, HU-27
A10: Servicios | B10: Usabilidad y experiencia de usuario | C10: 5 | D10: HU-25
A11: Arquitectura | B11: Microservicio de autenticación e inicio de sesión | C11: 5 | D11: HU-10 a HU-13
A12: Arquitectura | B12: Microservicio de reservas | C12: 5 | D12: HU-16, HU-17
A13: Arquitectura | B13: Microservicio de partidos | C13: 5 | D13: HU-06, HU-07, HU-08
A14: Arquitectura | B14: Consumo de los microservicios desde la interfaz (API REST) | C14: 5 | D14: HU-28, HU-22
B15: Total Servicios | C15: =SUMIFS(C5:C14,A5:A14,"Servicios") -> 20
B16: Total Arquitectura | C16: =SUMIFS(C5:C14,A5:A14,"Arquitectura") -> 20
B17: Nota máxima final | C17: =(C15+C16)/2 -> 20

Sheet Burndown
A1: Burndown del proyecto
A2: Real = puntos totales − puntos de historias 'Hecho' con fecha completada hasta ese día.
A4: Fecha | B4: Ideal | C4: Real
A5: 46312 | B5: =Resumen!$B$7*(1-0/9) -> 123 | C5: =Resumen!$B$7-SUMIFS('Product Backlog'!$F$5:$F$39,'Product Backlog'!$H$5:$H$39,"Hecho",'Product Backlog'!$I$5:$I$39,"<="&A5) -> 110
A6: 46313 | B6: =Resumen!$B$7*(1-1/9) -> 109.33333 | C6: =Resumen!$B$7-SUMIFS('Product Backlog'!$F$5:$F$39,'Product Backlog'!$H$5:$H$39,"Hecho",'Product Backlog'!$I$5:$I$39,"<="&A6) -> 101
A7: 46314 | B7: =Resumen!$B$7*(1-2/9) -> 95.666667 | C7: =Resumen!$B$7-SUMIFS('Product Backlog'!$F$5:$F$39,'Product Backlog'!$H$5:$H$39,"Hecho",'Product Backlog'!$I$5:$I$39,"<="&A7) -> 95
A8: 46315 | B8: =Resumen!$B$7*(1-3/9) -> 82 | C8: =Resumen!$B$7-SUMIFS('Product Backlog'!$F$5:$F$39,'Product Backlog'!$H$5:$H$39,"Hecho",'Product Backlog'!$I$5:$I$39,"<="&A8) -> 79
A9: 46316 | B9: =Resumen!$B$7*(1-4/9) -> 68.333333 | C9: =Resumen!$B$7-SUMIFS('Product Backlog'!$F$5:$F$39,'Product Backlog'!$H$5:$H$39,"Hecho",'Product Backlog'!$I$5:$I$39,"<="&A9) -> 79
A10: 46317 | B10: =Resumen!$B$7*(1-5/9) -> 54.666667 | C10: =Resumen!$B$7-SUMIFS('Product Backlog'!$F$5:$F$39,'Product Backlog'!$H$5:$H$39,"Hecho",'Product Backlog'!$I$5:$I$39,"<="&A10) -> 79
A11: 46318 | B11: =Resumen!$B$7*(1-6/9) -> 41 | C11: =Resumen!$B$7-SUMIFS('Product Backlog'!$F$5:$F$39,'Product Backlog'!$H$5:$H$39,"Hecho",'Product Backlog'!$I$5:$I$39,"<="&A11) -> 79
A12: 46319 | B12: =Resumen!$B$7*(1-7/9) -> 27.333333 | C12: =Resumen!$B$7-SUMIFS('Product Backlog'!$F$5:$F$39,'Product Backlog'!$H$5:$H$39,"Hecho",'Product Backlog'!$I$5:$I$39,"<="&A12) -> 79
A13: 46320 | B13: =Resumen!$B$7*(1-8/9) -> 13.666667 | C13: =Resumen!$B$7-SUMIFS('Product Backlog'!$F$5:$F$39,'Product Backlog'!$H$5:$H$39,"Hecho",'Product Backlog'!$I$5:$I$39,"<="&A13) -> 79
A14: 46321 | B14: =Resumen!$B$7*(1-9/9) -> 0 | C14: =Resumen!$B$7-SUMIFS('Product Backlog'!$F$5:$F$39,'Product Backlog'!$H$5:$H$39,"Hecho",'Product Backlog'!$I$5:$I$39,"<="&A14) -> 79
